"Colaborador","Dt_Adm","Dt_Resc"
"1","08/08/1985","04/08/2022"
"2","03/10/1988","05/01/2022"
"3","11/10/1989","03/01/2022"
"4","01/01/1990","04/02/2022"
"5","05/03/1990","01/04/2022"
"6","19/08/1991","01/04/2022"
"7","01/10/1992","02/06/2022"
"8","12/05/1994","01/11/2022"
"9","15/08/1994","17/01/2022"
"10","01/12/1994","02/06/2022"
"11","03/04/1995","16/12/2022"
"12","05/06/1996","01/07/2022"
"13","09/01/1997","01/09/2022"
"14","12/05/1997","06/05/2022"
"15","21/07/1997","01/04/2022"
"16","16/09/1997","02/08/2022"
"17","13/01/1999","01/09/2022"
"18","02/05/2000","03/01/2022"
"19","05/02/2001","02/06/2022"
"20","08/07/2002","01/06/2022"
"21","13/01/2003","11/07/2022"
"22","10/02/2003","05/07/2022"
"23","26/01/2004","03/02/2022"
"24","09/02/2004","18/01/2022"
"25","09/03/2004","08/04/2022"
"26","04/01/2005","02/05/2022"
"27","01/06/2006","02/06/2022"
"28","06/06/2006","02/06/2022"
"29","03/07/2006","07/10/2022"
"30","21/08/2006","06/05/2022"
"31","21/08/2006","06/09/2022"
"32","18/09/2006","01/09/2022"
"33","16/11/2006","01/06/2022"
"34","01/02/2007","01/12/2022"
"35","05/03/2007","04/04/2022"
"36","01/08/2007","06/04/2022"
"37","13/08/2007","02/06/2022"
"38","20/08/2007","03/02/2022"
"39","06/09/2007","04/04/2022"
"40","06/09/2007","04/04/2022"
"41","06/09/2007","06/12/2022"
"42","01/10/2007","02/12/2022"
"43","02/10/2007","12/07/2022"
"44","03/03/2008","01/12/2022"
"45","01/04/2008","02/06/2022"
"46","09/04/2008","03/10/2022"
"47","09/04/2008","05/07/2022"
"48","14/05/2008","05/04/2022"
"49","19/05/2008","03/11/2022"
"50","02/06/2008","06/09/2022"
"51","02/06/2008","03/02/2022"
"52","09/06/2008","05/04/2022"
"53","10/07/2008","14/04/2022"
"54","02/09/2008","01/07/2022"
"55","01/10/2008","02/06/2022"
"56","01/12/2008","03/06/2022"
"57","16/04/2009","02/02/2022"
"58","04/05/2009","14/01/2022"
"59","13/10/2009","17/06/2022"
"60","16/11/2009","01/04/2022"
"61","11/01/2010","01/12/2022"
"62","03/05/2010","12/08/2022"
"63","10/05/2010","24/01/2022"
"64","05/07/2010","08/09/2022"
"65","04/10/2010","02/02/2022"
"66","04/10/2010","01/07/2022"
"67","18/10/2010","18/01/2022"
"68","03/11/2010","03/10/2022"
"69","04/11/2010","21/01/2022"
"70","17/01/2011","07/03/2022"
"71","21/03/2011","01/04/2022"
"72","10/05/2011","01/08/2022"
"73","04/07/2011","01/09/2022"
"74","12/07/2011","03/10/2022"
"75","18/10/2011","01/11/2022"
"76","10/01/2012","05/12/2022"
"77","13/02/2012","01/09/2022"
"78","07/05/2012","18/02/2022"
"79","09/05/2012","01/07/2022"
"80","15/05/2012","04/04/2022"
"81","16/05/2012","05/12/2022"
"82","10/07/2012","01/02/2022"
"83","03/09/2012","04/07/2022"
"84","11/09/2012","01/04/2022"
"85","17/09/2012","05/12/2022"
"86","01/10/2012","04/07/2022"
"87","01/10/2012","06/04/2022"
"88","01/10/2012","05/09/2022"
"89","01/10/2012","17/01/2022"
"90","19/11/2012","03/06/2022"
"91","19/11/2012","04/05/2022"
"92","19/11/2012","05/12/2022"
"93","03/12/2012","08/09/2022"
"94","08/01/2013","02/12/2022"
"95","08/01/2013","04/04/2022"
"96","05/02/2013","09/03/2022"
"97","05/02/2013","07/03/2022"
"98","14/02/2013","02/03/2022"
"99","14/02/2013","02/06/2022"
"100","12/03/2013","01/07/2022"
"101","13/03/2013","04/07/2022"
"102","13/03/2013","04/10/2022"
"103","13/03/2013","01/02/2022"
"104","09/04/2013","04/04/2022"
"105","15/04/2013","01/08/2022"
"106","15/04/2013","05/05/2022"
"107","06/05/2013","01/07/2022"
"108","07/05/2013","07/06/2022"
"109","15/05/2013","01/05/2022"
"110","15/05/2013","04/08/2022"
"111","05/06/2013","05/09/2022"
"112","11/06/2013","01/12/2022"
"113","11/06/2013","01/02/2022"
"114","08/07/2013","03/06/2022"
"115","09/07/2013","03/11/2022"
"116","15/07/2013","11/02/2022"
"117","02/09/2013","01/06/2022"
"118","01/10/2013","01/06/2022"
"119","01/10/2013","31/01/2022"
"120","03/10/2013","01/07/2022"
"121","07/10/2013","31/01/2022"
"122","09/10/2013","14/09/2022"
"123","04/11/2013","02/12/2022"
"124","11/11/2013","02/03/2022"
"125","11/11/2013","05/08/2022"
"126","02/12/2013","17/05/2022"
"127","08/01/2014","04/03/2022"
"128","13/01/2014","04/11/2022"
"129","20/01/2014","01/12/2022"
"130","14/03/2014","14/09/2022"
"131","07/04/2014","06/09/2022"
"132","14/04/2014","02/02/2022"
"133","14/04/2014","06/12/2022"
"134","13/05/2014","05/04/2022"
"135","09/06/2014","15/07/2022"
"136","16/06/2014","01/06/2022"
"137","01/07/2014","03/06/2022"
"138","15/07/2014","04/07/2022"
"139","06/08/2014","13/05/2022"
"140","12/08/2014","04/10/2022"
"141","12/08/2014","20/04/2022"
"142","14/08/2014","08/08/2022"
"143","08/09/2014","31/01/2022"
"144","08/09/2014","08/09/2022"
"145","15/09/2014","01/12/2022"
"146","02/10/2014","03/05/2022"
"147","06/10/2014","06/12/2022"
"148","14/10/2014","05/12/2022"
"149","14/10/2014","05/12/2022"
"150","14/10/2014","06/07/2022"
"151","14/10/2014","06/12/2022"
"152","14/10/2014","04/04/2022"
"153","14/10/2014","01/12/2022"
"154","20/10/2014","06/09/2022"
"155","04/11/2014","08/11/2022"
"156","04/11/2014","01/02/2022"
"157","17/11/2014","20/06/2022"
"158","05/01/2015","01/04/2022"
"159","09/03/2015","03/02/2022"
"160","09/03/2015","05/09/2022"
"161","06/04/2015","06/06/2022"
"162","06/04/2015","02/02/2022"
"163","14/04/2015","02/12/2022"
"164","11/05/2015","10/06/2022"
"165","11/05/2015","01/08/2022"
"166","11/05/2015","01/02/2022"
"167","13/05/2015","01/12/2022"
"168","01/06/2015","03/10/2022"
"169","13/07/2015","01/11/2022"
"170","10/08/2015","08/07/2022"
"171","02/09/2015","01/04/2022"
"172","04/09/2015","05/08/2022"
"173","14/09/2015","14/09/2022"
"174","05/10/2015","03/01/2022"
"175","16/11/2015","03/03/2022"
"176","01/12/2015","01/12/2022"
"177","03/12/2015","01/08/2022"
"178","07/12/2015","14/11/2022"
"179","11/01/2016","01/12/2022"
"180","11/01/2016","06/12/2022"
"181","04/02/2016","02/03/2022"
"182","07/03/2016","03/03/2022"
"183","15/03/2016","02/09/2022"
"184","01/04/2016","01/06/2022"
"185","09/05/2016","03/11/2022"
"186","09/05/2016","05/09/2022"
"187","12/05/2016","01/04/2022"
"188","16/05/2016","03/01/2022"
"189","16/05/2016","01/02/2022"
"190","02/06/2016","17/08/2022"
"191","06/06/2016","08/04/2022"
"192","06/06/2016","01/04/2022"
"193","06/06/2016","08/07/2022"
"194","06/06/2016","09/05/2022"
"195","06/06/2016","02/02/2022"
"196","15/06/2016","13/12/2022"
"197","01/07/2016","05/09/2022"
"198","11/07/2016","03/02/2022"
"199","11/07/2016","05/12/2022"
"200","05/09/2016","01/09/2022"
"201","06/09/2016","01/09/2022"
"202","07/11/2016","06/09/2022"
"203","12/12/2016","17/11/2022"
"204","02/01/2017","09/05/2022"
"205","16/01/2017","09/04/2022"
"206","16/01/2017","01/02/2022"
"207","03/02/2017","18/08/2022"
"208","06/02/2017","04/01/2022"
"209","13/02/2017","01/08/2022"
"210","13/03/2017","05/04/2022"
"211","13/03/2017","02/09/2022"
"212","14/03/2017","17/01/2022"
"213","10/04/2017","02/03/2022"
"214","10/04/2017","05/04/2022"
"215","10/04/2017","04/02/2022"
"216","05/05/2017","03/10/2022"
"217","09/05/2017","03/08/2022"
"218","09/05/2017","01/02/2022"
"219","12/06/2017","06/09/2022"
"220","10/07/2017","06/12/2022"
"221","08/08/2017","01/11/2022"
"222","10/08/2017","30/06/2022"
"223","14/08/2017","05/09/2022"
"224","15/08/2017","02/02/2022"
"225","04/09/2017","08/03/2022"
"226","04/09/2017","05/12/2022"
"227","12/09/2017","07/12/2022"
"228","09/10/2017","05/12/2022"
"229","09/10/2017","01/04/2022"
"230","07/11/2017","02/03/2022"
"231","11/12/2017","06/07/2022"
"232","11/12/2017","06/12/2022"
"233","16/01/2018","06/10/2022"
"234","16/01/2018","05/01/2022"
"235","16/01/2018","03/11/2022"
"236","01/02/2018","22/09/2022"
"237","15/02/2018","02/02/2022"
"238","19/02/2018","06/09/2022"
"239","15/03/2018","01/02/2022"
"240","02/04/2018","01/06/2022"
"241","06/04/2018","03/01/2022"
"242","06/04/2018","01/08/2022"
"243","16/04/2018","02/06/2022"
"244","16/04/2018","05/10/2022"
"245","17/04/2018","18/01/2022"
"246","03/05/2018","02/05/2022"
"247","06/06/2018","03/11/2022"
"248","18/06/2018","18/03/2022"
"249","16/07/2018","04/02/2022"
"250","16/07/2018","02/05/2022"
"251","16/07/2018","16/09/2022"
"252","02/08/2018","30/06/2022"
"253","06/08/2018","08/04/2022"
"254","07/08/2018","06/09/2022"
"255","13/08/2018","03/01/2022"
"256","13/08/2018","06/01/2022"
"257","13/08/2018","02/02/2022"
"258","13/08/2018","01/02/2022"
"259","13/08/2018","08/11/2022"
"260","13/08/2018","05/04/2022"
"261","13/08/2018","01/02/2022"
"262","13/08/2018","24/01/2022"
"263","05/09/2018","01/06/2022"
"264","17/09/2018","04/10/2022"
"265","17/09/2018","02/05/2022"
"266","15/10/2018","15/06/2022"
"267","15/10/2018","18/03/2022"
"268","15/10/2018","08/11/2022"
"269","15/10/2018","01/12/2022"
"270","15/10/2018","25/01/2022"
"271","15/10/2018","01/12/2022"
"272","15/10/2018","02/02/2022"
"273","15/10/2018","12/08/2022"
"274","15/10/2018","10/01/2022"
"275","07/11/2018","11/03/2022"
"276","12/11/2018","13/01/2022"
"277","12/11/2018","01/07/2022"
"278","12/11/2018","06/06/2022"
"279","13/11/2018","10/01/2022"
"280","06/12/2018","11/02/2022"
"281","10/12/2018","05/01/2022"
"282","10/12/2018","07/03/2022"
"283","12/05/1997","06/05/2022"
"284","08/08/1985","04/08/2022"
"285","09/01/1997","01/09/2022"
"286","11/11/2013","05/08/2022"
"287","13/03/2017","02/09/2022"
"288","11/06/2013","01/12/2022"
"289","14/10/2014","06/07/2022"
"290","16/01/2019","24/08/2022"
"291","11/02/2019","01/06/2022"
"292","12/02/2019","05/01/2022"
"293","11/02/2019","09/05/2022"
"294","11/02/2019","01/02/2022"
"295","11/02/2019","01/06/2022"
"296","06/02/2019","02/05/2022"
"297","18/02/2019","16/12/2022"
"298","12/03/2019","18/01/2022"
"299","12/03/2019","04/02/2022"
"300","26/03/2019","02/05/2022"
"301","08/04/2019","02/05/2022"
"302","08/04/2019","01/02/2022"
"303","15/04/2019","05/12/2022"
"304","15/04/2019","01/07/2022"
"305","15/04/2019","03/03/2022"
"306","18/04/2019","12/08/2022"
"307","15/04/2019","01/11/2022"
"308","13/05/2019","04/07/2022"
"309","13/05/2019","05/01/2022"
"310","13/05/2019","06/09/2022"
"311","13/05/2019","01/06/2022"
"312","13/05/2019","04/04/2022"
"313","05/06/2019","06/01/2022"
"314","05/06/2019","02/06/2022"
"315","10/06/2019","06/07/2022"
"316","10/06/2019","01/02/2022"
"317","17/06/2019","06/09/2022"
"318","10/06/2019","10/08/2022"
"319","10/06/2019","29/04/2022"
"320","10/06/2019","04/01/2022"
"321","15/07/2019","05/09/2022"
"322","10/07/2019","25/02/2022"
"323","10/07/2019","18/01/2022"
"324","10/07/2019","04/05/2022"
"325","15/07/2019","01/02/2022"
"326","15/07/2019","06/07/2022"
"327","15/07/2019","06/09/2022"
"328","15/07/2019","11/03/2022"
"329","06/08/2019","03/08/2022"
"330","06/08/2019","01/07/2022"
"331","06/08/2019","07/06/2022"
"332","12/08/2019","18/03/2022"
"333","12/08/2019","04/04/2022"
"334","12/08/2019","08/11/2022"
"335","12/08/2019","04/04/2022"
"336","12/08/2019","04/04/2022"
"337","12/08/2019","04/02/2022"
"338","12/08/2019","01/07/2022"
"339","12/08/2019","01/04/2022"
"340","16/09/2019","01/08/2022"
"341","13/09/2019","05/01/2022"
"342","14/10/2019","04/01/2022"
"343","14/10/2019","03/10/2022"
"344","14/10/2019","01/04/2022"
"345","04/12/2019","01/07/2022"
"346","13/01/2020","07/10/2022"
"347","08/01/2020","16/09/2022"
"348","13/01/2020","03/01/2022"
"349","06/01/2020","05/07/2022"
"350","13/01/2020","01/09/2022"
"351","08/01/2020","15/06/2022"
"352","13/01/2020","12/08/2022"
"353","13/01/2020","02/03/2022"
"354","13/01/2020","01/07/2022"
"355","13/01/2020","03/10/2022"
"356","13/01/2020","12/01/2022"
"357","05/02/2020","04/02/2022"
"358","05/02/2020","12/03/2022"
"359","05/02/2020","03/01/2022"
"360","05/02/2020","04/02/2022"
"361","10/02/2020","01/02/2022"
"362","10/02/2020","06/04/2022"
"363","10/02/2020","01/04/2022"
"364","10/02/2020","03/06/2022"
"365","10/02/2020","02/02/2022"
"366","10/02/2020","04/01/2022"
"367","10/02/2020","02/05/2022"
"368","12/02/2020","04/02/2022"
"369","16/03/2020","09/10/2022"
"370","16/03/2020","03/06/2022"
"371","16/03/2020","01/11/2022"
"372","09/03/2020","23/02/2022"
"373","16/03/2020","01/08/2022"
"374","16/03/2020","01/11/2022"
"375","16/03/2020","03/08/2022"
"376","16/03/2020","15/12/2022"
"377","16/03/2020","08/08/2022"
"378","11/03/2020","11/10/2022"
"379","11/03/2020","01/07/2022"
"380","11/03/2020","02/05/2022"
"381","11/03/2020","01/09/2022"
"382","16/03/2020","05/01/2022"
"383","16/03/2020","06/12/2022"
"384","16/03/2020","05/12/2022"
"385","16/03/2020","02/05/2022"
"386","06/04/2020","01/08/2022"
"387","13/04/2020","01/08/2022"
"388","13/04/2020","03/01/2022"
"389","13/04/2020","06/12/2022"
"390","13/04/2020","05/12/2022"
"391","13/04/2020","14/04/2022"
"392","13/04/2020","05/12/2022"
"393","13/04/2020","07/03/2022"
"394","15/04/2020","01/02/2022"
"395","06/05/2020","15/12/2022"
"396","06/05/2020","02/02/2022"
"397","11/05/2020","05/10/2022"
"398","11/05/2020","01/11/2022"
"399","18/05/2020","02/05/2022"
"400","04/06/2020","12/09/2022"
"401","15/06/2020","05/08/2022"
"402","15/06/2020","10/02/2022"
"403","08/06/2020","05/12/2022"
"404","08/06/2020","04/05/2022"
"405","09/06/2020","22/07/2022"
"406","09/06/2020","03/01/2022"
"407","01/07/2020","09/03/2022"
"408","13/07/2020","01/06/2022"
"409","13/07/2020","06/09/2022"
"410","10/08/2020","05/07/2022"
"411","10/08/2020","01/03/2022"
"412","10/08/2020","01/06/2022"
"413","17/08/2020","03/01/2022"
"414","17/08/2020","04/03/2022"
"415","10/08/2020","30/06/2022"
"416","10/08/2020","02/02/2022"
"417","17/08/2020","30/06/2022"
"418","17/08/2020","01/02/2022"
"419","10/08/2020","09/08/2022"
"420","17/08/2020","01/04/2022"
"421","14/09/2020","03/01/2022"
"422","14/09/2020","10/10/2022"
"423","14/09/2020","01/11/2022"
"424","14/09/2020","01/06/2022"
"425","14/09/2020","01/03/2022"
"426","14/09/2020","01/11/2022"
"427","14/09/2020","05/10/2022"
"428","14/09/2020","01/08/2022"
"429","14/09/2020","01/12/2022"
"430","14/09/2020","03/11/2022"
"431","14/09/2020","10/01/2022"
"432","05/10/2020","03/03/2022"
"433","05/10/2020","01/07/2022"
"434","05/10/2020","25/11/2022"
"435","13/10/2020","17/01/2022"
"436","19/10/2020","01/02/2022"
"437","19/10/2020","01/02/2022"
"438","13/10/2020","03/01/2022"
"439","13/10/2020","06/01/2022"
"440","13/10/2020","14/01/2022"
"441","13/10/2020","01/06/2022"
"442","13/10/2020","17/08/2022"
"443","13/10/2020","18/01/2022"
"444","13/10/2020","17/01/2022"
"445","13/10/2020","18/08/2022"
"446","13/10/2020","17/01/2022"
"447","13/10/2020","24/08/2022"
"448","19/10/2020","01/02/2022"
"449","13/10/2020","05/08/2022"
"450","19/10/2020","21/01/2022"
"451","19/10/2020","31/01/2022"
"452","19/10/2020","26/09/2022"
"453","19/10/2020","06/09/2022"
"454","09/11/2020","01/04/2022"
"455","05/11/2020","05/04/2022"
"456","09/11/2020","08/08/2022"
"457","09/11/2020","09/02/2022"
"458","05/11/2020","03/01/2022"
"459","09/11/2020","01/05/2022"
"460","09/11/2020","22/03/2022"
"461","09/11/2020","29/03/2022"
"462","09/11/2020","24/03/2022"
"463","09/11/2020","24/03/2022"
"464","09/11/2020","09/02/2022"
"465","05/11/2020","04/04/2022"
"466","09/11/2020","10/02/2022"
"467","09/11/2020","08/02/2022"
"468","09/11/2020","11/02/2022"
"469","09/11/2020","11/02/2022"
"470","09/11/2020","14/02/2022"
"471","09/11/2020","01/06/2022"
"472","09/11/2020","03/08/2022"
"473","09/11/2020","07/11/2022"
"474","09/11/2020","04/05/2022"
"475","09/11/2020","01/04/2022"
"476","09/11/2020","09/02/2022"
"477","11/11/2020","02/12/2022"
"478","14/12/2020","16/03/2022"
"479","14/12/2020","18/03/2022"
"480","14/12/2020","01/09/2022"
"481","07/12/2020","03/02/2022"
"482","07/12/2020","01/11/2022"
"483","07/12/2020","01/06/2022"
"484","07/12/2020","10/03/2022"
"485","07/12/2020","01/02/2022"
"486","07/12/2020","09/03/2022"
"487","07/12/2020","16/05/2022"
"488","07/12/2020","31/05/2022"
"489","07/12/2020","01/06/2022"
"490","07/12/2020","01/06/2022"
"491","07/12/2020","06/12/2022"
"492","11/01/2021","01/02/2022"
"493","11/01/2021","14/11/2022"
"494","18/01/2021","07/02/2022"
"495","18/01/2021","01/08/2022"
"496","18/01/2021","12/01/2022"
"497","18/01/2021","01/04/2022"
"498","18/01/2021","01/06/2022"
"499","18/01/2021","30/06/2022"
"500","07/01/2021","01/08/2022"
"501","18/01/2021","01/08/2022"
"502","07/01/2021","18/02/2022"
"503","18/01/2021","30/12/2022"
"504","07/01/2021","15/06/2022"
"505","07/01/2021","14/04/2022"
"506","07/01/2021","06/04/2022"
"507","18/01/2021","01/12/2022"
"508","18/01/2021","31/12/2022"
"509","18/01/2021","01/07/2022"
"510","18/01/2021","03/10/2022"
"511","18/01/2021","05/05/2022"
"512","18/01/2021","03/06/2022"
"513","18/01/2021","04/08/2022"
"514","18/01/2021","05/04/2022"
"515","18/01/2021","31/12/2022"
"516","18/01/2021","01/07/2022"
"517","18/01/2021","30/12/2022"
"518","08/02/2021","07/09/2022"
"519","08/02/2021","01/09/2022"
"520","08/02/2021","06/09/2022"
"521","04/02/2021","01/12/2022"
"522","04/02/2021","01/02/2022"
"523","08/02/2021","16/05/2022"
"524","04/02/2021","04/03/2022"
"525","08/02/2021","04/03/2022"
"526","08/02/2021","01/02/2022"
"527","08/02/2021","01/04/2022"
"528","08/02/2021","15/12/2022"
"529","08/02/2021","03/01/2022"
"530","08/02/2021","24/04/2022"
"531","08/02/2021","08/11/2022"
"532","08/02/2021","01/11/2022"
"533","18/02/2021","16/12/2022"
"534","08/02/2021","08/09/2022"
"535","18/02/2021","31/03/2022"
"536","18/02/2021","16/12/2022"
"537","18/02/2021","16/12/2022"
"538","18/02/2021","16/12/2022"
"539","18/02/2021","16/12/2022"
"540","18/02/2021","16/12/2022"
"541","18/02/2021","16/12/2022"
"542","18/02/2021","16/12/2022"
"543","18/02/2021","16/12/2022"
"544","18/02/2021","03/10/2022"
"545","18/02/2021","16/12/2022"
"546","18/02/2021","16/12/2022"
"547","18/02/2021","16/12/2022"
"548","18/02/2021","16/12/2022"
"549","08/02/2021","04/11/2022"
"550","08/03/2021","13/06/2022"
"551","08/03/2021","03/10/2022"
"552","08/03/2021","05/12/2022"
"553","08/03/2021","01/09/2022"
"554","08/03/2021","01/07/2022"
"555","08/03/2021","02/02/2022"
"556","08/03/2021","03/02/2022"
"557","15/03/2021","05/09/2022"
"558","08/03/2021","13/06/2022"
"559","08/03/2021","09/06/2022"
"560","08/03/2021","03/01/2022"
"561","08/03/2021","06/06/2022"
"562","08/03/2021","13/06/2022"
"563","15/03/2021","30/06/2022"
"564","15/03/2021","01/08/2022"
"565","08/03/2021","01/04/2022"
"566","15/03/2021","06/01/2022"
"567","15/03/2021","28/06/2022"
"568","12/04/2021","12/07/2022"
"569","07/04/2021","01/06/2022"
"570","07/04/2021","01/07/2022"
"571","07/04/2021","07/07/2022"
"572","12/04/2021","03/05/2022"
"573","12/04/2021","25/07/2022"
"574","12/04/2021","13/07/2022"
"575","12/04/2021","11/07/2022"
"576","12/04/2021","08/07/2022"
"577","12/04/2021","01/04/2022"
"578","12/04/2021","03/03/2022"
"579","19/04/2021","01/07/2022"
"580","05/05/2021","01/08/2022"
"581","10/05/2021","01/04/2022"
"582","06/05/2021","01/09/2022"
"583","10/05/2021","08/08/2022"
"584","10/05/2021","01/12/2022"
"585","10/05/2021","03/03/2022"
"586","12/05/2021","07/01/2022"
"587","10/05/2021","04/08/2022"
"588","10/05/2021","23/06/2022"
"589","14/06/2021","18/01/2022"
"590","14/06/2021","23/09/2022"
"591","14/06/2021","23/09/2022"
"592","14/06/2021","26/09/2022"
"593","14/06/2021","01/04/2022"
"594","14/06/2021","20/06/2022"
"595","14/06/2021","20/06/2022"
"596","14/06/2021","20/06/2022"
"597","14/06/2021","09/11/2022"
"598","10/06/2021","18/01/2022"
"599","14/06/2021","01/12/2022"
"600","14/06/2021","01/08/2022"
"601","17/06/2021","01/07/2022"
"602","14/06/2021","15/09/2022"
"603","14/06/2021","14/09/2022"
"604","14/06/2021","03/01/2022"
"605","14/06/2021","09/09/2022"
"606","07/07/2021","10/06/2022"
"607","12/07/2021","02/03/2022"
"608","12/07/2021","30/06/2022"
"609","12/07/2021","01/04/2022"
"610","12/07/2021","03/06/2022"
"611","12/07/2021","01/07/2022"
"612","12/07/2021","01/06/2022"
"613","12/07/2021","01/11/2022"
"614","12/07/2021","13/07/2022"
"615","12/07/2021","03/06/2022"
"616","12/07/2021","01/06/2022"
"617","12/07/2021","01/06/2022"
"618","12/07/2021","01/03/2022"
"619","12/07/2021","06/09/2022"
"620","12/07/2021","30/11/2022"
"621","12/07/2021","10/01/2022"
"622","12/07/2021","02/10/2022"
"623","12/07/2021","06/09/2022"
"624","12/07/2021","02/05/2022"
"625","12/07/2021","07/03/2022"
"626","12/07/2021","01/04/2022"
"627","12/07/2021","10/10/2022"
"628","09/08/2021","22/12/2022"
"629","09/08/2021","08/09/2022"
"630","09/08/2021","03/10/2022"
"631","09/08/2021","11/11/2022"
"632","12/08/2021","01/12/2022"
"633","09/08/2021","10/01/2022"
"634","12/08/2021","19/08/2022"
"635","09/08/2021","21/11/2022"
"636","09/08/2021","21/11/2022"
"637","13/09/2021","03/10/2022"
"638","13/09/2021","03/08/2022"
"639","13/09/2021","02/02/2022"
"640","13/09/2021","08/07/2022"
"641","13/09/2021","05/12/2022"
"642","08/09/2021","25/08/2022"
"643","13/09/2021","06/12/2022"
"644","13/09/2021","14/11/2022"
"645","13/09/2021","06/09/2022"
"646","13/09/2021","03/11/2022"
"647","13/09/2021","01/12/2022"
"648","13/09/2021","05/12/2022"
"649","08/09/2021","01/11/2022"
"650","13/09/2021","29/07/2022"
"651","08/09/2021","10/08/2022"
"652","13/10/2021","10/06/2022"
"653","13/10/2021","30/06/2022"
"654","18/10/2021","03/06/2022"
"655","06/10/2021","11/10/2022"
"656","06/10/2021","10/05/2022"
"657","13/10/2021","01/08/2022"
"658","08/11/2021","01/11/2022"
"659","08/11/2021","07/01/2022"
"660","08/11/2021","30/11/2022"
"661","08/11/2021","04/11/2022"
"662","08/11/2021","01/09/2022"
"663","08/11/2021","01/07/2022"
"664","08/11/2021","03/08/2022"
"665","10/11/2021","04/08/2022"
"666","08/11/2021","03/08/2022"
"667","16/11/2021","02/12/2022"
"668","09/12/2021","02/05/2022"
"669","13/12/2021","06/07/2022"
"670","06/12/2021","01/09/2022"
"671","10/01/2022","04/11/2022"
"672","10/01/2022","02/08/2022"
"673","10/01/2022",""
"674","10/01/2022","01/11/2022"
"675","10/01/2022","02/05/2022"
"676","10/01/2022",""
"677","10/01/2022","09/06/2023"
"678","10/01/2022",""
"679","10/01/2022","03/07/2023"
"680","10/01/2022",""
"681","10/01/2022","01/03/2023"
"682","10/01/2022","09/01/2023"
"683","10/01/2022","31/05/2023"
"684","24/01/2022",""
"685","10/01/2022","03/05/2023"
"686","24/01/2022",""
"687","24/01/2022",""
"688","24/01/2022",""
"689","24/01/2022",""
"690","10/01/2022","01/02/2022"
"691","10/01/2022","10/02/2023"
"692","24/01/2022",""
"693","24/01/2022",""
"694","24/01/2022","03/07/2023"
"695","24/01/2022",""
"696","10/01/2022","10/04/2023"
"697","10/01/2022","09/08/2023"
"698","24/01/2022",""
"699","24/01/2022",""
"700","10/01/2022",""
"701","10/01/2022",""
"702","24/01/2022","02/05/2023"
"703","24/01/2022",""
"704","10/01/2022",""
"705","10/01/2022",""
"706","06/01/2022",""
"707","06/01/2022",""
"708","10/01/2022",""
"709","10/01/2022","06/04/2023"
"710","10/01/2022",""
"711","10/01/2022",""
"712","10/01/2022",""
"713","10/01/2022",""
"714","10/01/2022",""
"715","10/01/2022","01/09/2022"
"716","10/01/2022","04/01/2023"
"717","10/01/2022","01/03/2023"
"718","10/01/2022","03/02/2023"
"719","10/01/2022","06/06/2023"
"720","10/01/2022","31/12/2022"
"721","10/01/2022",""
"722","10/01/2022",""
"723","10/01/2022",""
"724","10/01/2022",""
"725","10/01/2022","03/03/2023"
"726","10/01/2022",""
"727","10/01/2022","01/07/2022"
"728","10/01/2022",""
"729","10/01/2022","01/08/2023"
"730","10/01/2022","01/06/2022"
"731","10/01/2022","12/09/2022"
"732","10/01/2022","01/12/2022"
"733","10/01/2022",""
"734","10/01/2022",""
"735","10/01/2022","01/07/2022"
"736","10/01/2022","05/06/2023"
"737","10/01/2022",""
"738","10/01/2022",""
"739","10/01/2022","28/10/2022"
"740","10/01/2022",""
"741","10/01/2022","02/05/2023"
"742","26/01/2022",""
"743","10/01/2022",""
"744","10/01/2022",""
"745","10/01/2022",""
"746","10/01/2022",""
"747","10/01/2022",""
"748","10/01/2022",""
"749","10/01/2022","09/01/2023"
"750","10/01/2022",""
"751","17/01/2022","07/04/2023"
"752","10/01/2022",""
"753","01/01/2022",""
"754","07/02/2022","01/06/2023"
"755","07/02/2022","31/05/2023"
"756","07/02/2022","31/05/2023"
"757","07/02/2022","04/05/2023"
"758","07/02/2022","02/05/2023"
"759","07/02/2022",""
"760","07/02/2022","03/04/2023"
"761","07/02/2022","04/05/2022"
"762","07/02/2022","04/05/2023"
"763","07/02/2022",""
"764","07/02/2022","08/05/2023"
"765","07/02/2022",""
"766","07/02/2022","06/03/2023"
"767","07/02/2022","31/05/2023"
"768","07/02/2022","02/05/2023"
"769","07/02/2022","04/11/2022"
"770","07/02/2022","09/05/2023"
"771","07/02/2022","02/05/2023"
"772","07/02/2022","09/05/2023"
"773","07/02/2022",""
"774","07/02/2022",""
"775","07/02/2022","03/10/2022"
"776","07/02/2022",""
"777","07/02/2022",""
"778","07/02/2022","01/09/2022"
"779","07/02/2022",""
"780","07/02/2022","01/03/2023"
"781","07/02/2022",""
"782","07/02/2022","04/05/2023"
"783","07/02/2022","01/06/2023"
"784","07/02/2022",""
"785","07/02/2022",""
"786","14/02/2022",""
"787","15/02/2022","01/09/2022"
"788","07/02/2022","09/11/2022"
"789","07/02/2022",""
"790","07/02/2022",""
"791","07/02/2022",""
"792","07/02/2022","03/07/2023"
"793","07/02/2022",""
"794","07/02/2022","02/05/2022"
"795","07/02/2022",""
"796","07/02/2022","13/04/2023"
"797","07/02/2022",""
"798","07/02/2022",""
"799","07/02/2022","04/05/2023"
"800","07/02/2022","01/02/2023"
"801","07/02/2022","01/03/2023"
"802","07/03/2022",""
"803","07/03/2022","31/05/2023"
"804","07/03/2022","31/05/2023"
"805","07/03/2022","05/07/2022"
"806","07/03/2022",""
"807","07/03/2022",""
"808","07/03/2022",""
"809","07/03/2022","01/06/2023"
"810","07/03/2022",""
"811","07/03/2022","31/05/2023"
"812","07/03/2022","31/05/2023"
"813","07/03/2022","31/05/2023"
"814","07/03/2022","03/08/2022"
"815","07/03/2022","01/06/2022"
"816","07/03/2022",""
"817","07/03/2022",""
"818","07/03/2022","05/08/2022"
"819","07/03/2022",""
"820","07/03/2022","01/02/2023"
"821","07/03/2022","31/05/2023"
"822","07/03/2022",""
"823","07/03/2022",""
"824","07/03/2022","31/05/2023"
"825","07/03/2022",""
"826","07/03/2022",""
"827","25/03/2022","01/06/2023"
"828","07/03/2022","31/05/2023"
"829","07/03/2022",""
"830","07/03/2022",""
"831","07/03/2022",""
"832","07/03/2022","06/06/2022"
"833","07/03/2022",""
"834","15/03/2022",""
"835","07/03/2022",""
"836","14/03/2022",""
"837","16/03/2022",""
"838","17/03/2022","31/05/2023"
"839","17/03/2022",""
"840","23/03/2022",""
"841","11/04/2022","31/05/2023"
"842","11/04/2022","31/05/2023"
"843","11/04/2022","31/05/2023"
"844","11/04/2022","31/05/2023"
"845","11/04/2022","31/05/2023"
"846","11/04/2022","31/05/2023"
"847","11/04/2022","01/06/2023"
"848","11/04/2022","11/07/2023"
"849","11/04/2022","01/02/2023"
"850","11/04/2022",""
"851","11/04/2022",""
"852","11/04/2022",""
"853","11/04/2022","02/05/2023"
"854","11/04/2022",""
"855","11/04/2022",""
"856","11/04/2022","31/05/2023"
"857","11/04/2022","13/07/2023"
"858","11/04/2022","11/07/2023"
"859","11/04/2022",""
"860","11/04/2022","19/07/2023"
"861","11/04/2022",""
"862","11/04/2022",""
"863","11/04/2022","02/05/2023"
"864","11/04/2022","06/06/2022"
"865","01/04/2022",""
"866","11/04/2022",""
"867","11/04/2022","01/11/2022"
"868","11/04/2022","07/10/2022"
"869","11/04/2022","10/07/2023"
"870","11/04/2022","31/05/2023"
"871","11/04/2022","01/06/2023"
"872","11/04/2022","01/06/2022"
"873","11/04/2022","10/07/2023"
"874","11/04/2022","31/05/2023"
"875","11/04/2022",""
"876","11/04/2022",""
"877","11/04/2022",""
"878","11/04/2022",""
"879","11/04/2022","31/05/2023"
"880","11/04/2022",""
"881","11/04/2022",""
"882","11/04/2022",""
"883","11/04/2022","13/07/2023"
"884","11/04/2022","03/08/2023"
"885","11/04/2022","30/06/2023"
"886","11/04/2022","06/03/2023"
"887","18/04/2022",""
"888","11/04/2022",""
"889","11/04/2022",""
"890","11/04/2022","02/05/2023"
"891","11/04/2022","01/02/2023"
"892","11/04/2022",""
"893","11/04/2022",""
"894","11/04/2022",""
"895","11/04/2022","12/07/2023"
"896","11/04/2022",""
"897","09/04/2022","31/05/2023"
"898","25/04/2022",""
"899","11/04/2022",""
"900","01/04/2022",""
"901","01/05/2022","06/07/2022"
"902","05/05/2022",""
"903","09/05/2022","07/10/2022"
"904","05/05/2022","31/05/2023"
"905","05/05/2022","31/05/2023"
"906","09/05/2022","31/05/2023"
"907","09/05/2022","31/05/2023"
"908","09/05/2022","10/03/2023"
"909","09/05/2022",""
"910","09/05/2022",""
"911","09/05/2022",""
"912","09/05/2022",""
"913","09/05/2022",""
"914","09/05/2022",""
"915","05/05/2022","01/03/2023"
"916","09/05/2022","31/05/2023"
"917","09/05/2022",""
"918","09/05/2022",""
"919","09/05/2022",""
"920","09/05/2022",""
"921","09/05/2022","04/08/2023"
"922","09/05/2022","31/05/2023"
"923","09/05/2022","31/05/2023"
"924","09/05/2022","06/07/2023"
"925","09/05/2022","31/05/2023"
"926","09/05/2022",""
"927","09/05/2022",""
"928","09/05/2022","07/08/2023"
"929","09/05/2022","07/08/2023"
"930","09/05/2022","01/08/2023"
"931","09/05/2022",""
"932","09/05/2022",""
"933","09/05/2022",""
"934","09/05/2022",""
"935","09/05/2022",""
"936","09/05/2022",""
"937","09/05/2022",""
"938","09/05/2022","31/05/2023"
"939","09/05/2022",""
"940","01/05/2022","03/05/2023"
"941","01/05/2022","01/06/2023"
"942","01/05/2022",""
"943","06/06/2022",""
"944","06/06/2022",""
"945","06/06/2022","01/08/2023"
"946","06/06/2022",""
"947","06/06/2022","01/08/2023"
"948","06/06/2022",""
"949","13/06/2022",""
"950","13/06/2022",""
"951","06/06/2022","31/05/2023"
"952","06/06/2022","03/04/2023"
"953","06/06/2022","31/05/2023"
"954","06/06/2022","01/02/2023"
"955","13/06/2022",""
"956","06/06/2022",""
"957","06/06/2022",""
"958","06/06/2022",""
"959","13/06/2022",""
"960","06/06/2022","31/05/2023"
"961","06/06/2022",""
"962","13/06/2022",""
"963","13/06/2022","06/01/2023"
"964","06/06/2022",""
"965","06/06/2022",""
"966","06/06/2022","31/05/2023"
"967","06/06/2022","03/10/2022"
"968","06/06/2022","31/05/2023"
"969","06/06/2022",""
"970","06/06/2022",""
"971","06/06/2022",""
"972","06/06/2022",""
"973","06/06/2022",""
"974","06/06/2022",""
"975","06/06/2022","03/08/2022"
"976","06/06/2022",""
"977","06/06/2022",""
"978","06/06/2022",""
"979","06/06/2022",""
"980","06/06/2022",""
"981","06/06/2022",""
"982","06/06/2022","18/04/2023"
"983","06/06/2022","31/05/2023"
"984","13/06/2022",""
"985","06/06/2022","31/05/2023"
"986","06/06/2022","03/10/2022"
"987","06/06/2022",""
"988","06/06/2022",""
"989","06/06/2022","01/02/2023"
"990","06/06/2022","01/06/2023"
"991","13/06/2022","19/07/2023"
"992","13/06/2022",""
"993","13/06/2022",""
"994","13/06/2022",""
"995","13/06/2022",""
"996","01/06/2022",""
"997","01/06/2022",""
"998","01/06/2022",""
"999","11/07/2022","31/05/2023"
"1000","11/07/2022","31/05/2023"
"1001","11/07/2022","31/05/2023"
"1002","11/07/2022","31/05/2023"
"1003","06/07/2022","31/05/2023"
"1004","06/07/2022","31/05/2023"
"1005","11/07/2022","31/05/2023"
"1006","11/07/2022","31/05/2023"
"1007","11/07/2022","01/03/2023"
"1008","06/07/2022",""
"1009","11/07/2022","31/05/2023"
"1010","11/07/2022","31/05/2023"
"1011","11/07/2022","13/07/2022"
"1012","11/07/2022","01/06/2023"
"1013","11/07/2022",""
"1014","11/07/2022","31/05/2023"
"1015","11/07/2022","10/05/2023"
"1016","11/07/2022",""
"1017","11/07/2022",""
"1018","11/07/2022","01/08/2023"
"1019","11/07/2022","31/05/2023"
"1020","11/07/2022","31/05/2023"
"1021","06/07/2022",""
"1022","06/07/2022","31/05/2023"
"1023","11/07/2022","31/05/2023"
"1024","06/07/2022","31/05/2023"
"1025","11/07/2022","02/01/2023"
"1026","11/07/2022",""
"1027","06/07/2022",""
"1028","06/07/2022","31/05/2023"
"1029","11/07/2022","01/09/2022"
"1030","11/07/2022",""
"1031","11/07/2022","31/05/2023"
"1032","11/07/2022","31/05/2023"
"1033","11/07/2022","08/08/2022"
"1034","11/07/2022",""
"1035","11/07/2022",""
"1036","11/07/2022","02/05/2023"
"1037","06/07/2022",""
"1038","11/07/2022","31/05/2023"
"1039","11/07/2022",""
"1040","11/07/2022","31/05/2023"
"1041","01/07/2022","01/12/2022"
"1042","11/07/2022","01/06/2023"
"1043","11/07/2022","02/08/2022"
"1044","11/07/2022",""
"1045","11/07/2022","31/05/2023"
"1046","11/07/2022",""
"1047","11/07/2022","31/05/2023"
"1048","11/07/2022",""
"1049","11/07/2022",""
"1050","11/07/2022",""
"1051","11/07/2022","31/05/2023"
"1052","11/07/2022",""
"1053","11/07/2022",""
"1054","11/07/2022",""
"1055","11/07/2022",""
"1056","11/07/2022",""
"1057","11/07/2022","01/06/2023"
"1058","11/07/2022",""
"1059","11/07/2022",""
"1060","11/07/2022",""
"1061","11/07/2022","12/07/2023"
"1062","11/07/2022",""
"1063","01/07/2022",""
"1064","11/07/2022",""
"1065","11/07/2022",""
"1066","11/07/2022",""
"1067","11/07/2022","10/02/2023"
"1068","11/07/2022","30/06/2023"
"1069","11/07/2022","03/10/2022"
"1070","11/07/2022",""
"1071","01/07/2022","31/05/2023"
"1072","01/07/2022","31/05/2023"
"1073","01/07/2022","31/05/2023"
"1074","08/08/2022","01/02/2023"
"1075","08/08/2022",""
"1076","08/08/2022",""
"1077","08/08/2022",""
"1078","08/08/2022",""
"1079","08/08/2022","04/05/2023"
"1080","08/08/2022",""
"1081","08/08/2022",""
"1082","08/08/2022","01/02/2023"
"1083","08/08/2022",""
"1084","04/08/2022",""
"1085","04/08/2022",""
"1086","08/08/2022","01/03/2023"
"1087","08/08/2022",""
"1088","08/08/2022",""
"1089","08/08/2022","01/06/2023"
"1090","08/08/2022",""
"1091","08/08/2022","31/05/2023"
"1092","04/08/2022",""
"1093","08/08/2022","31/05/2023"
"1094","04/08/2022","31/05/2023"
"1095","04/08/2022","31/05/2023"
"1096","08/08/2022",""
"1097","08/08/2022",""
"1098","08/08/2022","31/05/2023"
"1099","08/08/2022",""
"1100","08/08/2022",""
"1101","08/08/2022",""
"1102","08/08/2022",""
"1103","08/08/2022",""
"1104","08/08/2022",""
"1105","08/08/2022","13/07/2023"
"1106","08/08/2022",""
"1107","08/08/2022",""
"1108","08/08/2022",""
"1109","08/08/2022",""
"1110","08/08/2022",""
"1111","08/08/2022",""
"1112","08/08/2022","01/08/2023"
"1113","10/08/2022",""
"1114","08/08/2022",""
"1115","08/08/2022","04/01/2023"
"1116","08/09/2022",""
"1117","08/08/2022",""
"1118","08/08/2022",""
"1119","08/08/2022",""
"1120","08/08/2022",""
"1121","08/08/2022",""
"1122","08/08/2022","04/01/2023"
"1123","08/08/2022",""
"1124","08/08/2022","08/08/2023"
"1125","08/08/2022",""
"1126","08/09/2022",""
"1127","08/08/2022",""
"1128","08/08/2022","04/08/2023"
"1129","08/08/2022","10/11/2022"
"1130","08/08/2022",""
"1131","08/08/2022",""
"1132","08/08/2022","17/02/2023"
"1133","08/08/2022",""
"1134","08/08/2022","15/02/2023"
"1135","08/08/2022",""
"1136","08/08/2022","01/06/2023"
"1137","08/08/2022",""
"1138","08/08/2022",""
"1139","08/08/2022","05/07/2023"
"1140","08/08/2022",""
"1141","08/08/2022",""
"1142","08/08/2022","03/05/2023"
"1143","08/08/2022",""
"1144","08/08/2022",""
"1145","08/08/2022",""
"1146","08/08/2022",""
"1147","08/08/2022","03/02/2023"
"1148","08/08/2022",""
"1149","08/08/2022",""
"1150","08/08/2022","02/03/2023"
"1151","08/08/2022",""
"1152","08/08/2022",""
"1153","08/08/2022","03/07/2023"
"1154","08/08/2022",""
"1155","08/08/2022",""
"1156","08/08/2022",""
"1157","08/08/2022",""
"1158","08/08/2022",""
"1159","08/08/2022","31/05/2023"
"1160","08/08/2022","31/05/2023"
"1161","05/09/2022",""
"1162","05/09/2022",""
"1163","05/09/2022","05/04/2023"
"1164","08/09/2022",""
"1165","08/09/2022",""
"1166","12/09/2022",""
"1167","12/09/2022","02/05/2023"
"1168","12/09/2022","13/09/2022"
"1169","12/09/2022","01/08/2023"
"1170","12/09/2022",""
"1171","08/09/2022",""
"1172","12/09/2022","01/06/2023"
"1173","12/09/2022",""
"1174","12/09/2022","02/05/2023"
"1175","12/09/2022",""
"1176","08/09/2022",""
"1177","12/09/2022",""
"1178","12/09/2022",""
"1179","08/09/2022","07/08/2023"
"1180","12/09/2022",""
"1181","12/09/2022",""
"1182","12/09/2022","31/05/2023"
"1183","12/09/2022","03/04/2023"
"1184","12/09/2022",""
"1185","12/09/2022",""
"1186","08/09/2022",""
"1187","08/09/2022","31/05/2023"
"1188","12/09/2022",""
"1189","12/09/2022",""
"1190","12/09/2022","31/05/2023"
"1191","12/09/2022","01/08/2023"
"1192","12/09/2022",""
"1193","12/09/2022","03/10/2022"
"1194","12/09/2022",""
"1195","08/09/2022",""
"1196","08/09/2022",""
"1197","08/09/2022",""
"1198","12/09/2022","31/05/2023"
"1199","08/09/2022",""
"1200","08/09/2022","13/06/2023"
"1201","12/09/2022",""
"1202","12/09/2022","31/05/2023"
"1203","08/09/2022","14/10/2022"
"1204","12/09/2022",""
"1205","12/09/2022","31/05/2023"
"1206","08/09/2022",""
"1207","12/09/2022",""
"1208","12/09/2022","03/10/2022"
"1209","08/09/2022","03/10/2022"
"1210","12/09/2022",""
"1211","12/09/2022","31/05/2023"
"1212","12/09/2022","31/05/2023"
"1213","12/09/2022","31/05/2023"
"1214","12/09/2022","31/05/2023"
"1215","12/09/2022","31/05/2023"
"1216","12/09/2022",""
"1217","01/09/2022",""
"1218","01/09/2022","31/05/2023"
"1219","01/09/2022",""
"1220","12/09/2022","31/05/2023"
"1221","12/09/2022",""
"1222","12/09/2022","04/08/2023"
"1223","12/09/2022",""
"1224","12/09/2022",""
"1225","12/09/2022","31/05/2023"
"1226","12/09/2022",""
"1227","12/09/2022","31/05/2023"
"1228","12/09/2022",""
"1229","12/09/2022",""
"1230","12/09/2022","31/05/2023"
"1231","12/09/2022",""
"1232","12/09/2022",""
"1233","12/09/2022",""
"1234","12/09/2022",""
"1235","19/09/2022",""
"1236","05/10/2022",""
"1237","05/10/2022","01/06/2023"
"1238","05/10/2022",""
"1239","05/10/2022","31/05/2023"
"1240","05/10/2022",""
"1241","05/10/2022","31/05/2023"
"1242","05/10/2022",""
"1243","10/10/2022","31/05/2023"
"1244","10/10/2022","09/06/2023"
"1245","10/10/2022","07/04/2023"
"1246","10/10/2022",""
"1247","10/10/2022",""
"1248","10/10/2022",""
"1249","10/10/2022",""
"1250","10/10/2022",""
"1251","10/10/2022",""
"1252","10/10/2022","31/05/2023"
"1253","10/10/2022",""
"1254","10/10/2022",""
"1255","10/10/2022",""
"1256","10/10/2022",""
"1257","10/10/2022",""
"1258","10/10/2022",""
"1259","10/10/2022",""
"1260","10/10/2022",""
"1261","10/10/2022","10/04/2023"
"1262","10/10/2022","31/05/2023"
"1263","10/10/2022",""
"1264","10/10/2022","31/05/2023"
"1265","10/10/2022",""
"1266","10/10/2022",""
"1267","10/10/2022",""
"1268","10/10/2022",""
"1269","10/10/2022","31/05/2023"
"1270","10/10/2022","31/05/2023"
"1271","10/10/2022",""
"1272","10/10/2022",""
"1273","10/10/2022","09/05/2023"
"1274","10/10/2022","03/05/2023"
"1275","10/10/2022","31/05/2023"
"1276","10/10/2022",""
"1277","10/10/2022","31/05/2023"
"1278","10/10/2022","31/05/2023"
"1279","01/10/2022","31/05/2023"
"1280","07/10/2022",""
"1281","11/10/2022","08/11/2022"
"1282","01/11/2022","31/05/2023"
"1283","01/11/2022","31/05/2023"
"1284","31/10/2022",""
"1285","07/11/2022",""
"1286","07/11/2022",""
"1287","07/11/2022",""
"1288","07/11/2022",""
"1289","14/11/2022","31/05/2023"
"1290","07/11/2022",""
"1291","07/11/2022",""
"1292","07/11/2022",""
"1293","07/11/2022",""
"1294","07/11/2022",""
"1295","07/11/2022",""
"1296","14/11/2022","31/05/2023"
"1297","07/11/2022","31/05/2023"
"1298","07/11/2022",""
"1299","07/11/2022",""
"1300","07/11/2022","31/05/2023"
"1301","07/11/2022",""
"1302","07/11/2022",""
"1303","07/11/2022",""
"1304","07/11/2022",""
"1305","07/11/2022",""
"1306","07/11/2022",""
"1307","07/11/2022",""
"1308","07/11/2022",""
"1309","07/11/2022","05/12/2022"
"1310","07/11/2022",""
"1311","07/11/2022",""
"1312","07/11/2022",""
"1313","07/11/2022",""
"1314","07/11/2022",""
"1315","07/11/2022",""
"1316","07/11/2022",""
"1317","07/11/2022",""
"1318","07/11/2022",""
"1319","07/11/2022",""
"1320","07/11/2022","01/08/2023"
"1321","07/11/2022",""
"1322","07/11/2022",""
"1323","07/11/2022",""
"1324","07/11/2022",""
"1325","07/11/2022",""
"1326","07/11/2022",""
"1327","07/11/2022",""
"1328","07/11/2022",""
"1329","07/11/2022",""
"1330","07/11/2022",""
"1331","07/11/2022",""
"1332","07/11/2022","31/05/2023"
"1333","07/11/2022",""
"1334","07/11/2022",""
"1335","07/11/2022",""
"1336","16/11/2022",""
"1337","16/11/2022",""
"1338","16/11/2022","10/02/2023"
"1339","16/11/2022",""
"1340","16/11/2022","02/05/2023"
"1341","","11/10/2022"
"1342","01/12/2022","31/05/2023"
"1343","06/12/2022",""
"1344","06/12/2022",""
"1345","06/12/2022","31/05/2023"
"1346","06/12/2022","31/05/2023"
"1347","06/12/2022","31/05/2023"
"1348","06/12/2022",""
"1349","06/12/2022","31/05/2023"
"1350","06/12/2022",""
"1351","06/12/2022","31/05/2023"
"1352","06/12/2022","31/05/2023"
"1353","06/12/2022",""
"1354","06/12/2022","31/05/2023"
"1355","06/12/2022",""
"1356","06/12/2022",""
"1357","06/12/2022",""
"1358","06/12/2022",""
"1359","06/12/2022",""
"1360","06/12/2022",""
"1361","06/12/2022",""
"1362","06/12/2022","02/08/2023"
"1363","06/12/2022",""
"1364","06/12/2022",""
"1365","06/12/2022",""
"1366","06/12/2022",""
"1367","06/12/2022",""
"1368","06/12/2022",""
"1369","06/12/2022","01/06/2023"
"1370","06/12/2022",""
"1371","06/12/2022",""
"1372","06/12/2022","30/05/2023"
"1373","01/12/2022",""
"1374","01/12/2022",""
"1375","01/12/2022",""
